,Plimited_extracellular_s9301ax_50,Plimited_filter_s9301ax_50,replete_extracellular_s0801ax_10,replete_extracellular_s9301ax_10,replete_extracellular_s9301ax_50,replete_extracellular_s9313ax_10,replete_extracellular_s9313ax_5,replete_filter_s0801ax_10,replete_filter_s9301ax_10,replete_filter_s9301ax_50,replete_filter_s9313ax_10,replete_filter_s9313ax_5
C00147,2.0499999999999998e-08,6.620000000000001e-09,0.0,0.0,0.0,0.0,0.0,0.0,0.0,0.0,0.0,0.0
C00170,1.89e-08,5.9499999999999995e-09,0.0,0.0,0.0,4.589999999999999e-09,2.6899999999999996e-09,0.0,0.0,1.46e-09,3.42e-09,0.0
C00020,0.0,1.8999999999999998e-08,0.0,0.0,0.0,0.0,0.0,9.619999999999999e-08,5.7400000000000004e-08,5.3600000000000004e-08,8.35e-08,9.7e-08
C00019,0.0,3.71e-08,0.0,0.0,0.0,0.0,0.0,1.51e-08,1.07e-08,4.82e-08,1.35e-08,1.1499999999999999e-08
C00082,0.0,3.79e-09,3.41e-08,6.409999999999999e-09,9.41e-09,1.1400000000000001e-10,0.0,2.0499999999999998e-08,8.62e-09,4.08e-09,1.37e-08,1.16e-08
C00196,0.0,0.0,0.0,0.0,0.0,0.0,0.0,0.0,0.0,0.0,0.0,0.0
